runtime,solution cost,initial solution cost,lower bound,sum of distance,iterations,group size,runtime of initial solution,restart times,area under curve,LL expanded nodes,LL generated,LL reopened,LL runs,preprocessing runtime,solver name,instance name
0.226297,17755,18023,15687,15687,16,1,0.0859272,0,1.48894e+07,32173,84797,572,117,0.375856,LNS(PP;PP),ost003d-instances/ost003d-random-2.scen
0.12796,17755,18023,15687,15687,16,1,0.0560356,0,1.48895e+07,32173,84797,572,117,0.314103,LNS(PP;PP),ost003d-instances/ost003d-random-2.scen
0.123251,17755,18023,15687,15687,16,1,0.0555841,0,1.48895e+07,32173,84797,572,117,0.312779,LNS(PP;PP),ost003d-instances/ost003d-random-2.scen
0.120529,17755,18023,15687,15687,16,1,0.0557052,0,1.48895e+07,32173,84797,572,117,0.30606,LNS(PP;PP),ost003d-instances/ost003d-random-2.scen
0.121439,17755,18023,15687,15687,16,1,0.057092,0,1.48895e+07,32173,84797,572,117,0.310048,LNS(PP;PP),ost003d-instances/ost003d-random-2.scen
